row_id,rule_violation
2029,0.3537529
2030,0.28921148
2031,0.86573005
2032,0.7469259
2033,0.93054116
2034,0.06667267
2035,0.7571225
2036,0.16723175
2037,0.023717029
2038,0.6895755
